{
  "3U": "Sichuan Airlines",
  "9W": "Jet Airways",
  "AA": "American Airlines",
  "AE": "Mandarin Airlines",
  "AF": "Air France",
  "AI": "Air India",
  "AT": "Royal Air Maroc",
  "AY": "Finn Air",
  "BD": "Bayon Airlines",
  "BI": "Royal Brunei Airlines",
  "BR": "Eva Airways",
  "CA": "Air China",
  "CI": "China Airlines",
  "KA": "Cathay Pacific",
  "CX": "Cathay Pacific",
  "CZ": "China Southern Airlines",
  "DL": "Delta Airlines",
  "DT": "TAAG Angola Airlines",
  "EK": "Emirates Airlines",
  "EY": "Etihad Airways",
  "GA": "Garuda Indonesia",
  "GP": "APG Airlines",
  "HA": "Hawaiian Airlines",
  "HR": "Hahn Air",
  "HX": "Hong Kong Airlines",
  "JL": "Japan Airlines",
  "K6": "Angkor Air",
  "KC": "Air Astana",
  "KE": "Korean Air",
  "KQ": "Kenya Airways",
  "LH": "Lufthansa Airlines",
  "LO": "Polish Airlines",
  "MD": "Air Madagascar",
  "MF": "Xiamen Airlines",
  "MH": "Malaysia Airlines",
  "MK": "Air Mauritius",
  "MU": "China Eastern Airlines",
  "NH": "All Nippon Airways",
  "NZ": "Air New Zealand",
  "OD": "Malindo Airways",
  "OZ": "Asiana Airlines",
  "PG": "Bangkok Airways",
  "PR": "Philippine Airlines",
  "PS": "Ukraine Intl Airl",
  "QF": "Qantas Airways",
  "QR": "Qatar Airways",
  "QV": "Lao Airlines",
  "SA": "South African Airways",
  "SC": "Shandong Airlines",
  "SQ": "Singapore Airlines",
  "SU": "Aeroflot Airlines",
  "TG": "Thai Airways",
  "UA": "United Airlines",
  "UN": "Transaero Airlines",
  "UX": "Air Europa",
  "WY": "Oman Air",
  "VN": "Vietnam Airlines",
  "BL": "Jetstar",
  "3K": "Jetstar",
  "5J": "Cebu Pacific",
  "7C": "Jeju Air",
  "8M": "Myanmar Airways Intl",
  "AK": "Air Asia",
  "BA": "British Airways",
  "CM": "Copa Airlines",
  "DD": "Nok Air",
  "ET": "Ethiopian Airlines",
  "QZ": "Thai Airasia Indonesia Airasia",
  "FD": "Thai Airasia Indonesia Airasia",
  "MS": "Egypt Air",
  "RJ": "Royal Jordanian",
  "SL": "Thai Lion AIr",
  "TR": "Tiger Air",
  "TW": "T'Way Air",
  "UL": "Srilankan Airlines",
  "VJ": "Vietjet"
}